HXR_Integral,M_Class_Probability,X_Class_Probability
11800.0,0.4659377628259041,0.031118587047939444
827000.0,0.6836734693877551,0.30612244897959184
1220000.0,0.618421052631579,0.3815789473684211
